{"id":1,"name":"Sonar way","conditions":[{"id":1,"metric":"new_security_rating","op":"GT","error":"1"},{"id":2,"metric":"new_reliability_rating","op":"GT","error":"1"},{"id":3,"metric":"new_maintainability_rating","op":"GT","error":"1"},{"id":4,"metric":"new_coverage","op":"LT","error":"80"},{"id":5,"metric":"new_duplicated_lines_density","op":"GT","error":"3"}],"isBuiltIn":true,"actions":{"rename":false,"setAsDefault":false,"copy":true,"associateProjects":false,"delete":false,"manageConditions":false}}